{
  "project_info": {
    "project_number": "731890987419",
    "firebase_url": "https://bpm-monitoring-17718-default-rtdb.firebaseio.com",
    "project_id": "bpm-monitoring-17718",
    "storage_bucket": "bpm-monitoring-17718.appspot.com"
  },
  "client": [
    {
      "client_info": {
        "mobilesdk_app_id": "1:731890987419:android:85a816ff4ae86b4c76b13e",
        "android_client_info": {
          "package_name": "com.example.berdetak"
        }
      },
      "oauth_client": [],
      "api_key": [
        {
          "current_key": "AIzaSyCz2EItLjUJGzXp15877APZSNql3KkXvQk"
        }
      ],
      "services": {
        "appinvite_service": {
          "other_platform_oauth_client": []
        }
      }
    },
    {
      "client_info": {
        "mobilesdk_app_id": "1:731890987419:android:3e00cedba7d7e4b276b13e",
        "android_client_info": {
          "package_name": "com.example.bpm_monitoring"
        }
      },
      "oauth_client": [],
      "api_key": [
        {
          "current_key": "AIzaSyCz2EItLjUJGzXp15877APZSNql3KkXvQk"
        }
      ],
      "services": {
        "appinvite_service": {
          "other_platform_oauth_client": []
        }
      }
    }
  ],
  "configuration_version": "1"
}